{
  "_fv": 69,
  "_type": "fluid",
  "definition": {
    "name": "Bucket of mega",
    "bucketName": "Bucket of mega Bucket",
    "textureStill": "minecraft:water_still",
    "textureFlowing": "minecraft:water_flow",
    "tintType": "No tint",
    "canMultiply": true,
    "flowRate": 5,
    "levelDecrease": 1,
    "slopeFindDistance": 9,
    "spawnParticles": true,
    "dripParticle": {
      "value": "WATER_BUBBLE"
    },
    "flowStrength": 2.0,
    "luminosity": 12,
    "density": 1000,
    "viscosity": 1000,
    "temperature": 0,
    "type": "WATER",
    "generateBucket": true,
    "textureBucket": "minecraft:bucket",
    "creativeTabs": [
      {
        "value": "CUSTOM:Morestufformapmakers"
      }
    ],
    "emptySound": {
      "value": ""
    },
    "rarity": "EPIC",
    "specialInformation": {
      "fixedValue": []
    },
    "resistance": 100.0,
    "luminance": 12,
    "lightOpacity": 1,
    "emissiveRendering": false,
    "tickRate": 0,
    "flammability": 0,
    "fireSpreadSpeed": 0,
    "colorOnMap": "DEFAULT"
  }
}