{
  "_fv": 69,
  "_type": "potion",
  "definition": {
    "potionName": "Potion of Mega",
    "splashName": "Splash Potion of Mega",
    "lingeringName": "Lingering Potion of Mega",
    "arrowName": "Arrow of Mega",
    "effects": [
      {
        "effect": {
          "value": "INSTANT_DAMAGE"
        },
        "duration": 3600,
        "amplifier": 1,
        "ambient": false,
        "showParticles": true
      },
      {
        "effect": {
          "value": "SPEED"
        },
        "duration": 3600,
        "amplifier": 6,
        "ambient": false,
        "showParticles": true
      },
      {
        "effect": {
          "value": "HASTE"
        },
        "duration": 3600,
        "amplifier": 8,
        "ambient": false,
        "showParticles": true
      },
      {
        "effect": {
          "value": "STRENGTH"
        },
        "duration": 3600,
        "amplifier": 6,
        "ambient": false,
        "showParticles": true
      },
      {
        "effect": {
          "value": "INVISIBILITY"
        },
        "duration": 3600,
        "amplifier": 4,
        "ambient": false,
        "showParticles": false
      },
      {
        "effect": {
          "value": "JUMP_BOOST"
        },
        "duration": 3600,
        "amplifier": 3,
        "ambient": false,
        "showParticles": true
      },
      {
        "effect": {
          "value": "UNLUCK"
        },
        "duration": 3600,
        "amplifier": 3,
        "ambient": false,
        "showParticles": true
      }
    ]
  }
}