{
  "_fv": 69,
  "_type": "dimension",
  "definition": {
    "biomesInDimension": [
      {
        "value": "dripstone_caves"
      },
      {
        "value": "CUSTOM:Rubybiome"
      },
      {
        "value": "bamboo_jungle"
      },
      {
        "value": "basalt_deltas"
      }
    ],
    "worldGenType": "Nether like gen",
    "mainFillerBlock": {
      "value": "Blocks.STONE#0"
    },
    "fluidBlock": {
      "value": "CUSTOM:Bucketofmega"
    },
    "airColor": {
      "value": -10066330,
      "falpha": 0.0
    },
    "canRespawnHere": false,
    "hasFog": true,
    "isDark": false,
    "doesWaterVaporize": false,
    "sleepResult": "ALLOW",
    "hasSkyLight": false,
    "imitateOverworldBehaviour": false,
    "portalFrame": {
      "value": "Blocks.POLISHED_BLACKSTONE"
    },
    "portalParticles": {
      "value": "VILLAGER_ANGRY"
    },
    "portalLuminance": 15,
    "portalSound": {
      "value": "block.portal.ambient"
    },
    "enableIgniter": true,
    "igniterName": "Rubydimention Portal Igniter",
    "igniterRarity": "COMMON",
    "specialInformation": {
      "fixedValue": []
    },
    "creativeTabs": [
      {
        "value": "TOOLS"
      }
    ],
    "texture": "minecraft:flint",
    "portalTexture": "minecraft:water_still",
    "enablePortal": true
  }
}