{
  "_fv": 69,
  "_type": "biome",
  "definition": {
    "name": "Rubybiome",
    "groundBlock": {
      "value": "Blocks.GRASS"
    },
    "undergroundBlock": {
      "value": "Blocks.DEEPSLATE"
    },
    "underwaterBlock": {
      "value": "Blocks.SMOOTH_SANDSTONE"
    },
    "airColor": {
      "value": -16764109,
      "falpha": 0.0
    },
    "grassColor": {
      "value": -6750055,
      "falpha": 0.0
    },
    "foliageColor": {
      "value": -16751104,
      "falpha": 0.0
    },
    "waterColor": {
      "value": -16751002,
      "falpha": 0.0
    },
    "waterFogColor": {
      "value": -16777114,
      "falpha": 0.0
    },
    "ambientSound": {
      "value": "ambient.basalt_deltas.loop"
    },
    "additionsSound": {
      "value": "block.beacon.ambient"
    },
    "music": {
      "value": "record.otherside"
    },
    "moodSound": {
      "value": "ambient.nether_wastes.mood"
    },
    "moodSoundDelay": 6000,
    "spawnParticles": true,
    "particleToSpawn": {
      "value": "CRIT_MAGIC"
    },
    "particlesProbability": 0.5,
    "rainingPossibility": 0.5,
    "temperature": 2.0,
    "spawnBiome": false,
    "spawnInCaves": false,
    "spawnBiomeNether": true,
    "genTemperature": {
      "min": -0.5,
      "max": 0.5
    },
    "genHumidity": {
      "min": -0.5,
      "max": 0.5
    },
    "genContinentalness": {
      "min": 0.3,
      "max": 1.0
    },
    "genErosion": {
      "min": -0.5,
      "max": 0.5
    },
    "genWeirdness": {
      "min": -1.0,
      "max": 1.0
    },
    "treesPerChunk": 1,
    "vanillaTreeType": "Mega pine trees",
    "treeType": 0,
    "minHeight": 7,
    "treeStem": {
      "value": ""
    },
    "treeBranch": {
      "value": ""
    },
    "treeVines": {
      "value": ""
    },
    "treeFruits": {
      "value": ""
    },
    "defaultFeatures": [
      "Caves",
      "Ores",
      "FrozenTopLayer"
    ],
    "spawnStronghold": true,
    "spawnMineshaft": true,
    "spawnMineshaftMesa": false,
    "spawnPillagerOutpost": true,
    "villageType": "desert",
    "spawnWoodlandMansion": false,
    "spawnJungleTemple": true,
    "spawnDesertPyramid": true,
    "spawnSwampHut": true,
    "spawnIgloo": false,
    "spawnOceanMonument": false,
    "spawnShipwreck": false,
    "spawnShipwreckBeached": false,
    "spawnBuriedTreasure": false,
    "oceanRuinType": "NONE",
    "spawnNetherBridge": false,
    "spawnNetherFossil": true,
    "spawnBastionRemnant": false,
    "spawnEndCity": false,
    "spawnRuinedPortal": "STANDARD",
    "spawnEntries": []
  }
}