{
  "has_precipitation": true,
  "temperature": 2,
  "downfall": 0.5,
  "effects": {
    "ambient_sound": "ambient.basalt_deltas.loop",
    "mood_sound": {
      "sound": "ambient.nether_wastes.mood",
      "tick_delay": 6000,
      "offset": 8,
      "block_search_extent": 2
    },
    "additions_sound": {
      "sound": "block.beacon.ambient",
      "tick_chance": 0.0111
    },
    "music": {
      "sound": "music_disc.otherside",
      "min_delay": 12000,
      "max_delay": 24000,
      "replace_current_music": true
    },
    "particle": {
      "options": {
        "type": "enchanted_hit"
      },
      "probability": 0.005
    },
    "foliage_color": -16751104,
    "grass_color": -6750055,
    "sky_color": -16764109,
    "fog_color": -16764109,
    "water_color": -16751002,
    "water_fog_color": -16777114
  },
  "spawners": {
    "monster": [],
    "creature": [],
    "ambient": [],
    "axolotls": [],
    "underground_water_creature": [],
    "water_creature": [],
    "water_ambient": [],
    "misc": []
  },
  "spawn_costs": {},
  "carvers": {},
  "features": [
    [],
    [],
    [],
    [],
    [],
    [],
    [],
    [],
    [],
    [
      "nice:rubybiome_tree"
    ],
    [
      "minecraft:freeze_top_layer"
    ]
  ]
}